Workbook

Sheet Read me
B2: Verveflow onboarding workbook
B3: Fill in the Teams and People sheets, upload this file once, and everyone is added with their Team, reporting manager, access and full profile.
B5: HOW TO USE IT
B6: Step 1 | C6: Teams sheet: one row per Team. Give a Parent team for a sub-team (the parent must be on the sheet too).
B7: Step 2 | C7: People sheet: one row per person. Yellow columns must be filled. Pick Access, Level, Employment type and State from the dropdowns.
B8: Step 3 | C8: Look at the Check column on both sheets. Every filled row must say OK before you upload.
B9: Step 4 | C9: In Verveflow: Admin > Import from a spreadsheet > Choose a file. Verveflow checks the whole file first and lists anything to fix.
B10: Step 5 | C10: When the check is clean, press Import. Everything goes in at once.
B12: ALL OR NOTHING
B13: The whole file is imported together, or not at all. If any row has a problem (an unknown Team, a manager who is not there, a missing required value), nothing is saved and Verveflow shows the rows to fix. Your firm is never left half imported.
B14: Uploading the same workbook again is safe: people are matched by work email and updated, and Teams are not made twice.
B16: RULES FOR THE COLUMNS
B17: Work email | C17: Their real work address, used to sign in with Google. Each email once.
B18: Access | C18: Admin, Manager or Employee. A Manager leads every Team on their row, so a Manager needs at least one Team.
B19: Teams | C19: Team names exactly as on the Teams sheet. Several are separated by commas: Tax, GST
B20: Reporting manager email | C20: The work email of who they report to. It can be anyone on this sheet (above or below) or someone already in Verveflow.
B21: Level | C21: L1 is the top. A person should not be at a higher level than their reporting manager.
B22: Dates | C22: Date of joining, birth and anniversary as dates, e.g. 15/04/2025.
B23: Mobile, phones | C23: With the country code: +91 98200 54321
B24: Address | C24: Line 1 (flat, building), Line 2 (street, area), Landmark, City, State, Pincode (6 digits in India), Country. City also becomes their office location if that column is empty.
B25: Example sheet | C25: Shows filled rows to copy the style. It is never imported.
B27: LEVELS
B28: L1 | C28: Leadership: Partner, Director
B29: L2 | C29: Senior Management: Associate Director, Senior Manager
B30: L3 | C30: Management: Manager, Deputy Manager
B31: L4 | C31: Senior Staff: Assistant Manager, Senior Executive
B32: L5 | C32: Staff: Executive, Associate, Accountant
B33: L6 | C33: Trainees: Article Assistant, Intern
B35: ACCESS
B36: Admin | C36: Runs Verveflow: people, Spaces, settings
B37: Manager | C37: Leads the Teams on their row
B38: Employee | C38: Their own work

Sheet Teams
A1: Team name * | B1: Parent team | C1: Description | D1: People | E1: Check
D2: =IF(A2="","",COUNTIF(People!$H$2:$H$1001,"*"&A2&"*")) | E2: =IF(A2="","",IF(COUNTIF($A$2:$A$301,A2)>1,"Team name used twice",IF(B2=A2,"A Team can't be its own parent",IF(AND(B2<>"",COUNTIF($A$2:$A$301,B2)=0),"Parent team not on this sheet",IF(COUNTIFS(People!$H$2:$H$1001,"*"&A2&"*",People!$C$2:$C$1001,"Manager")=0,"No Manager yet","OK")))))
D3: =IF(A3="","",COUNTIF(People!$H$2:$H$1001,"*"&A3&"*")) | E3: =IF(A3="","",IF(COUNTIF($A$2:$A$301,A3)>1,"Team name used twice",IF(B3=A3,"A Team can't be its own parent",IF(AND(B3<>"",COUNTIF($A$2:$A$301,B3)=0),"Parent team not on this sheet",IF(COUNTIFS(People!$H$2:$H$1001,"*"&A3&"*",People!$C$2:$C$1001,"Manager")=0,"No Manager yet","OK")))))
D4: =IF(A4="","",COUNTIF(People!$H$2:$H$1001,"*"&A4&"*")) | E4: =IF(A4="","",IF(COUNTIF($A$2:$A$301,A4)>1,"Team name used twice",IF(B4=A4,"A Team can't be its own parent",IF(AND(B4<>"",COUNTIF($A$2:$A$301,B4)=0),"Parent team not on this sheet",IF(COUNTIFS(People!$H$2:$H$1001,"*"&A4&"*",People!$C$2:$C$1001,"Manager")=0,"No Manager yet","OK")))))
D5: =IF(A5="","",COUNTIF(People!$H$2:$H$1001,"*"&A5&"*")) | E5: =IF(A5="","",IF(COUNTIF($A$2:$A$301,A5)>1,"Team name used twice",IF(B5=A5,"A Team can't be its own parent",IF(AND(B5<>"",COUNTIF($A$2:$A$301,B5)=0),"Parent team not on this sheet",IF(COUNTIFS(People!$H$2:$H$1001,"*"&A5&"*",People!$C$2:$C$1001,"Manager")=0,"No Manager yet","OK")))))
D6: =IF(A6="","",COUNTIF(People!$H$2:$H$1001,"*"&A6&"*")) | E6: =IF(A6="","",IF(COUNTIF($A$2:$A$301,A6)>1,"Team name used twice",IF(B6=A6,"A Team can't be its own parent",IF(AND(B6<>"",COUNTIF($A$2:$A$301,B6)=0),"Parent team not on this sheet",IF(COUNTIFS(People!$H$2:$H$1001,"*"&A6&"*",People!$C$2:$C$1001,"Manager")=0,"No Manager yet","OK")))))
D7: =IF(A7="","",COUNTIF(People!$H$2:$H$1001,"*"&A7&"*")) | E7: =IF(A7="","",IF(COUNTIF($A$2:$A$301,A7)>1,"Team name used twice",IF(B7=A7,"A Team can't be its own parent",IF(AND(B7<>"",COUNTIF($A$2:$A$301,B7)=0),"Parent team not on this sheet",IF(COUNTIFS(People!$H$2:$H$1001,"*"&A7&"*",People!$C$2:$C$1001,"Manager")=0,"No Manager yet","OK")))))
D8: =IF(A8="","",COUNTIF(People!$H$2:$H$1001,"*"&A8&"*")) | E8: =IF(A8="","",IF(COUNTIF($A$2:$A$301,A8)>1,"Team name used twice",IF(B8=A8,"A Team can't be its own parent",IF(AND(B8<>"",COUNTIF($A$2:$A$301,B8)=0),"Parent team not on this sheet",IF(COUNTIFS(People!$H$2:$H$1001,"*"&A8&"*",People!$C$2:$C$1001,"Manager")=0,"No Manager yet","OK")))))
D9: =IF(A9="","",COUNTIF(People!$H$2:$H$1001,"*"&A9&"*")) | E9: =IF(A9="","",IF(COUNTIF($A$2:$A$301,A9)>1,"Team name used twice",IF(B9=A9,"A Team can't be its own parent",IF(AND(B9<>"",COUNTIF($A$2:$A$301,B9)=0),"Parent team not on this sheet",IF(COUNTIFS(People!$H$2:$H$1001,"*"&A9&"*",People!$C$2:$C$1001,"Manager")=0,"No Manager yet","OK")))))
D10: =IF(A10="","",COUNTIF(People!$H$2:$H$1001,"*"&A10&"*")) | E10: =IF(A10="","",IF(COUNTIF($A$2:$A$301,A10)>1,"Team name used twice",IF(B10=A10,"A Team can't be its own parent",IF(AND(B10<>"",COUNTIF($A$2:$A$301,B10)=0),"Parent team not on this sheet",IF(COUNTIFS(People!$H$2:$H$1001,"*"&A10&"*",People!$C$2:$C$1001,"Manager")=0,"No Manager yet","OK")))))
D11: =IF(A11="","",COUNTIF(People!$H$2:$H$1001,"*"&A11&"*")) | E11: =IF(A11="","",IF(COUNTIF($A$2:$A$301,A11)>1,"Team name used twice",IF(B11=A11,"A Team can't be its own parent",IF(AND(B11<>"",COUNTIF($A$2:$A$301,B11)=0),"Parent team not on this sheet",IF(COUNTIFS(People!$H$2:$H$1001,"*"&A11&"*",People!$C$2:$C$1001,"Manager")=0,"No Manager yet","OK")))))
D12: =IF(A12="","",COUNTIF(People!$H$2:$H$1001,"*"&A12&"*")) | E12: =IF(A12="","",IF(COUNTIF($A$2:$A$301,A12)>1,"Team name used twice",IF(B12=A12,"A Team can't be its own parent",IF(AND(B12<>"",COUNTIF($A$2:$A$301,B12)=0),"Parent team not on this sheet",IF(COUNTIFS(People!$H$2:$H$1001,"*"&A12&"*",People!$C$2:$C$1001,"Manager")=0,"No Manager yet","OK")))))
D13: =IF(A13="","",COUNTIF(People!$H$2:$H$1001,"*"&A13&"*")) | E13: =IF(A13="","",IF(COUNTIF($A$2:$A$301,A13)>1,"Team name used twice",IF(B13=A13,"A Team can't be its own parent",IF(AND(B13<>"",COUNTIF($A$2:$A$301,B13)=0),"Parent team not on this sheet",IF(COUNTIFS(People!$H$2:$H$1001,"*"&A13&"*",People!$C$2:$C$1001,"Manager")=0,"No Manager yet","OK")))))
... D301: =IF(A301="","",COUNTIF(People!$H$2:$H$1001,"*"&A301&"*")) | E301: =IF(A301="","",IF(COUNTIF($A$2:$A$301,A301)>1,"Team name used twice",IF(B301=A301,"A Team can't be its own parent",IF(AND(B301<>"",COUNTIF($A$2:$A$301,B301)=0),"Parent team not on this sheet",IF(COUNTIFS(People!$H$2:$H$1001,"*"&A301&"*",People!$C$2:$C$1001,"Manager")=0,"No Manager yet","OK")))))

Sheet People
A1: Full name * | B1: Work email * | C1: Access * | D1: Designation * | E1: Level * | F1: Employment type * | G1: Department | H1: Teams * | I1: Reporting manager email | J1: Employee code | K1: Date of joining * | L1: Date of birth | M1: Marriage anniversary | N1: Mobile | O1: Office location | P1: Emergency contact name | Q1: Emergency contact phone | R1: Address line 1 | S1: Address line 2 | T1: Landmark | U1: City | V1: State | W1: Pincode | X1: Country | Y1: Check
Y2: =IF(B2="","",IF(ISERROR(FIND("@",B2)),"Email has no @",IF(COUNTIF($B$2:$B$1001,B2)>1,"Email used twice",IF(OR(A2="",C2="",D2="",E2="",F2="",H2="",K2=""),"Fill the yellow columns",IF(AND(C2<>"Admin",C2<>"Manager",C2<>"Employee"),"Access must be Admin, Manager or Employee",IF(AND(C2="Manager",H2=""),"A Manager needs a Team",IF(I2=B2,"Reports to themself",IF(IFERROR(VALUE(MID(E2,2,1))<VALUE(MID(INDEX($E$2:$E$1001,MATCH(I2,$B$2:$B$1001,0)),2,1)),FALSE),"Higher level than their manager",IF(AND(W2<>"",OR(X2="",X2="India"),OR(LEN(W2)<>6,ISERROR(VALUE(W2)))),"Pincode must be 6 digits",IF(AND(I2<>"",COUNTIF($B$2:$B$1001,I2)=0),"OK if their manager is already in Verveflow","OK"))))))))))
Y3: =IF(B3="","",IF(ISERROR(FIND("@",B3)),"Email has no @",IF(COUNTIF($B$2:$B$1001,B3)>1,"Email used twice",IF(OR(A3="",C3="",D3="",E3="",F3="",H3="",K3=""),"Fill the yellow columns",IF(AND(C3<>"Admin",C3<>"Manager",C3<>"Employee"),"Access must be Admin, Manager or Employee",IF(AND(C3="Manager",H3=""),"A Manager needs a Team",IF(I3=B3,"Reports to themself",IF(IFERROR(VALUE(MID(E3,2,1))<VALUE(MID(INDEX($E$2:$E$1001,MATCH(I3,$B$2:$B$1001,0)),2,1)),FALSE),"Higher level than their manager",IF(AND(W3<>"",OR(X3="",X3="India"),OR(LEN(W3)<>6,ISERROR(VALUE(W3)))),"Pincode must be 6 digits",IF(AND(I3<>"",COUNTIF($B$2:$B$1001,I3)=0),"OK if their manager is already in Verveflow","OK"))))))))))
Y4: =IF(B4="","",IF(ISERROR(FIND("@",B4)),"Email has no @",IF(COUNTIF($B$2:$B$1001,B4)>1,"Email used twice",IF(OR(A4="",C4="",D4="",E4="",F4="",H4="",K4=""),"Fill the yellow columns",IF(AND(C4<>"Admin",C4<>"Manager",C4<>"Employee"),"Access must be Admin, Manager or Employee",IF(AND(C4="Manager",H4=""),"A Manager needs a Team",IF(I4=B4,"Reports to themself",IF(IFERROR(VALUE(MID(E4,2,1))<VALUE(MID(INDEX($E$2:$E$1001,MATCH(I4,$B$2:$B$1001,0)),2,1)),FALSE),"Higher level than their manager",IF(AND(W4<>"",OR(X4="",X4="India"),OR(LEN(W4)<>6,ISERROR(VALUE(W4)))),"Pincode must be 6 digits",IF(AND(I4<>"",COUNTIF($B$2:$B$1001,I4)=0),"OK if their manager is already in Verveflow","OK"))))))))))
Y5: =IF(B5="","",IF(ISERROR(FIND("@",B5)),"Email has no @",IF(COUNTIF($B$2:$B$1001,B5)>1,"Email used twice",IF(OR(A5="",C5="",D5="",E5="",F5="",H5="",K5=""),"Fill the yellow columns",IF(AND(C5<>"Admin",C5<>"Manager",C5<>"Employee"),"Access must be Admin, Manager or Employee",IF(AND(C5="Manager",H5=""),"A Manager needs a Team",IF(I5=B5,"Reports to themself",IF(IFERROR(VALUE(MID(E5,2,1))<VALUE(MID(INDEX($E$2:$E$1001,MATCH(I5,$B$2:$B$1001,0)),2,1)),FALSE),"Higher level than their manager",IF(AND(W5<>"",OR(X5="",X5="India"),OR(LEN(W5)<>6,ISERROR(VALUE(W5)))),"Pincode must be 6 digits",IF(AND(I5<>"",COUNTIF($B$2:$B$1001,I5)=0),"OK if their manager is already in Verveflow","OK"))))))))))
Y6: =IF(B6="","",IF(ISERROR(FIND("@",B6)),"Email has no @",IF(COUNTIF($B$2:$B$1001,B6)>1,"Email used twice",IF(OR(A6="",C6="",D6="",E6="",F6="",H6="",K6=""),"Fill the yellow columns",IF(AND(C6<>"Admin",C6<>"Manager",C6<>"Employee"),"Access must be Admin, Manager or Employee",IF(AND(C6="Manager",H6=""),"A Manager needs a Team",IF(I6=B6,"Reports to themself",IF(IFERROR(VALUE(MID(E6,2,1))<VALUE(MID(INDEX($E$2:$E$1001,MATCH(I6,$B$2:$B$1001,0)),2,1)),FALSE),"Higher level than their manager",IF(AND(W6<>"",OR(X6="",X6="India"),OR(LEN(W6)<>6,ISERROR(VALUE(W6)))),"Pincode must be 6 digits",IF(AND(I6<>"",COUNTIF($B$2:$B$1001,I6)=0),"OK if their manager is already in Verveflow","OK"))))))))))
Y7: =IF(B7="","",IF(ISERROR(FIND("@",B7)),"Email has no @",IF(COUNTIF($B$2:$B$1001,B7)>1,"Email used twice",IF(OR(A7="",C7="",D7="",E7="",F7="",H7="",K7=""),"Fill the yellow columns",IF(AND(C7<>"Admin",C7<>"Manager",C7<>"Employee"),"Access must be Admin, Manager or Employee",IF(AND(C7="Manager",H7=""),"A Manager needs a Team",IF(I7=B7,"Reports to themself",IF(IFERROR(VALUE(MID(E7,2,1))<VALUE(MID(INDEX($E$2:$E$1001,MATCH(I7,$B$2:$B$1001,0)),2,1)),FALSE),"Higher level than their manager",IF(AND(W7<>"",OR(X7="",X7="India"),OR(LEN(W7)<>6,ISERROR(VALUE(W7)))),"Pincode must be 6 digits",IF(AND(I7<>"",COUNTIF($B$2:$B$1001,I7)=0),"OK if their manager is already in Verveflow","OK"))))))))))
Y8: =IF(B8="","",IF(ISERROR(FIND("@",B8)),"Email has no @",IF(COUNTIF($B$2:$B$1001,B8)>1,"Email used twice",IF(OR(A8="",C8="",D8="",E8="",F8="",H8="",K8=""),"Fill the yellow columns",IF(AND(C8<>"Admin",C8<>"Manager",C8<>"Employee"),"Access must be Admin, Manager or Employee",IF(AND(C8="Manager",H8=""),"A Manager needs a Team",IF(I8=B8,"Reports to themself",IF(IFERROR(VALUE(MID(E8,2,1))<VALUE(MID(INDEX($E$2:$E$1001,MATCH(I8,$B$2:$B$1001,0)),2,1)),FALSE),"Higher level than their manager",IF(AND(W8<>"",OR(X8="",X8="India"),OR(LEN(W8)<>6,ISERROR(VALUE(W8)))),"Pincode must be 6 digits",IF(AND(I8<>"",COUNTIF($B$2:$B$1001,I8)=0),"OK if their manager is already in Verveflow","OK"))))))))))
Y9: =IF(B9="","",IF(ISERROR(FIND("@",B9)),"Email has no @",IF(COUNTIF($B$2:$B$1001,B9)>1,"Email used twice",IF(OR(A9="",C9="",D9="",E9="",F9="",H9="",K9=""),"Fill the yellow columns",IF(AND(C9<>"Admin",C9<>"Manager",C9<>"Employee"),"Access must be Admin, Manager or Employee",IF(AND(C9="Manager",H9=""),"A Manager needs a Team",IF(I9=B9,"Reports to themself",IF(IFERROR(VALUE(MID(E9,2,1))<VALUE(MID(INDEX($E$2:$E$1001,MATCH(I9,$B$2:$B$1001,0)),2,1)),FALSE),"Higher level than their manager",IF(AND(W9<>"",OR(X9="",X9="India"),OR(LEN(W9)<>6,ISERROR(VALUE(W9)))),"Pincode must be 6 digits",IF(AND(I9<>"",COUNTIF($B$2:$B$1001,I9)=0),"OK if their manager is already in Verveflow","OK"))))))))))
Y10: =IF(B10="","",IF(ISERROR(FIND("@",B10)),"Email has no @",IF(COUNTIF($B$2:$B$1001,B10)>1,"Email used twice",IF(OR(A10="",C10="",D10="",E10="",F10="",H10="",K10=""),"Fill the yellow columns",IF(AND(C10<>"Admin",C10<>"Manager",C10<>"Employee"),"Access must be Admin, Manager or Employee",IF(AND(C10="Manager",H10=""),"A Manager needs a Team",IF(I10=B10,"Reports to themself",IF(IFERROR(VALUE(MID(E10,2,1))<VALUE(MID(INDEX($E$2:$E$1001,MATCH(I10,$B$2:$B$1001,0)),2,1)),FALSE),"Higher level than their manager",IF(AND(W10<>"",OR(X10="",X10="India"),OR(LEN(W10)<>6,ISERROR(VALUE(W10)))),"Pincode must be 6 digits",IF(AND(I10<>"",COUNTIF($B$2:$B$1001,I10)=0),"OK if their manager is already in Verveflow","OK"))))))))))
Y11: =IF(B11="","",IF(ISERROR(FIND("@",B11)),"Email has no @",IF(COUNTIF($B$2:$B$1001,B11)>1,"Email used twice",IF(OR(A11="",C11="",D11="",E11="",F11="",H11="",K11=""),"Fill the yellow columns",IF(AND(C11<>"Admin",C11<>"Manager",C11<>"Employee"),"Access must be Admin, Manager or Employee",IF(AND(C11="Manager",H11=""),"A Manager needs a Team",IF(I11=B11,"Reports to themself",IF(IFERROR(VALUE(MID(E11,2,1))<VALUE(MID(INDEX($E$2:$E$1001,MATCH(I11,$B$2:$B$1001,0)),2,1)),FALSE),"Higher level than their manager",IF(AND(W11<>"",OR(X11="",X11="India"),OR(LEN(W11)<>6,ISERROR(VALUE(W11)))),"Pincode must be 6 digits",IF(AND(I11<>"",COUNTIF($B$2:$B$1001,I11)=0),"OK if their manager is already in Verveflow","OK"))))))))))
Y12: =IF(B12="","",IF(ISERROR(FIND("@",B12)),"Email has no @",IF(COUNTIF($B$2:$B$1001,B12)>1,"Email used twice",IF(OR(A12="",C12="",D12="",E12="",F12="",H12="",K12=""),"Fill the yellow columns",IF(AND(C12<>"Admin",C12<>"Manager",C12<>"Employee"),"Access must be Admin, Manager or Employee",IF(AND(C12="Manager",H12=""),"A Manager needs a Team",IF(I12=B12,"Reports to themself",IF(IFERROR(VALUE(MID(E12,2,1))<VALUE(MID(INDEX($E$2:$E$1001,MATCH(I12,$B$2:$B$1001,0)),2,1)),FALSE),"Higher level than their manager",IF(AND(W12<>"",OR(X12="",X12="India"),OR(LEN(W12)<>6,ISERROR(VALUE(W12)))),"Pincode must be 6 digits",IF(AND(I12<>"",COUNTIF($B$2:$B$1001,I12)=0),"OK if their manager is already in Verveflow","OK"))))))))))
Y13: =IF(B13="","",IF(ISERROR(FIND("@",B13)),"Email has no @",IF(COUNTIF($B$2:$B$1001,B13)>1,"Email used twice",IF(OR(A13="",C13="",D13="",E13="",F13="",H13="",K13=""),"Fill the yellow columns",IF(AND(C13<>"Admin",C13<>"Manager",C13<>"Employee"),"Access must be Admin, Manager or Employee",IF(AND(C13="Manager",H13=""),"A Manager needs a Team",IF(I13=B13,"Reports to themself",IF(IFERROR(VALUE(MID(E13,2,1))<VALUE(MID(INDEX($E$2:$E$1001,MATCH(I13,$B$2:$B$1001,0)),2,1)),FALSE),"Higher level than their manager",IF(AND(W13<>"",OR(X13="",X13="India"),OR(LEN(W13)<>6,ISERROR(VALUE(W13)))),"Pincode must be 6 digits",IF(AND(I13<>"",COUNTIF($B$2:$B$1001,I13)=0),"OK if their manager is already in Verveflow","OK"))))))))))
... Y1001: =IF(B1001="","",IF(ISERROR(FIND("@",B1001)),"Email has no @",IF(COUNTIF($B$2:$B$1001,B1001)>1,"Email used twice",IF(OR(A1001="",C1001="",D1001="",E1001="",F1001="",H1001="",K1001=""),"Fill the yellow columns",IF(AND(C1001<>"Admin",C1001<>"Manager",C1001<>"Employee"),"Access must be Admin, Manager or Employee",IF(AND(C1001="Manager",H1001=""),"A Manager needs a Team",IF(I1001=B1001,"Reports to themself",IF(IFERROR(VALUE(MID(E1001,2,1))<VALUE(MID(INDEX($E$2:$E$1001,MATCH(I1001,$B$2:$B$1001,0)),2,1)),FALSE),"Higher level than their manager",IF(AND(W1001<>"",OR(X1001="",X1001="India"),OR(LEN(W1001)<>6,ISERROR(VALUE(W1001)))),"Pincode must be 6 digits",IF(AND(I1001<>"",COUNTIF($B$2:$B$1001,I1001)=0),"OK if their manager is already in Verveflow","OK"))))))))))

Sheet Example
A1: Full name * | B1: Work email * | C1: Access * | D1: Designation * | E1: Level * | F1: Employment type * | G1: Department | H1: Teams * | I1: Reporting manager email | J1: Employee code | K1: Date of joining * | L1: Date of birth | M1: Marriage anniversary | N1: Mobile | O1: Office location | P1: Emergency contact name | Q1: Emergency contact phone | R1: Address line 1 | S1: Address line 2 | T1: Landmark | U1: City | V1: State | W1: Pincode | X1: Country
A2: Anil Mehta | B2: anil.mehta@verveadvisory.com | C2: Manager | D2: Senior Manager | E2: L2 | F2: Full-time | G2: Tax | H2: Tax | J2: VA-001 | K2: 43619 | L2: 31092 | N2: +91 98200 11111 | O2: Mumbai | P2: Sunita Mehta (wife) | Q2: +91 98200 22222 | R2: Flat 1201, Sai Heights | S2: Linking Road, Bandra West | T2: Near Bandra Station | U2: Mumbai | V2: Maharashtra | W2: 400050 | X2: India
A3: Priya Nair | B3: priya.nair@verveadvisory.com | C3: Employee | D3: Executive | E3: L5 | F3: Full-time | G3: Tax | H3: Tax, GST | I3: anil.mehta@verveadvisory.com | J3: VA-014 | K3: 45474 | L3: 36059 | N3: +91 98200 33333 | O3: Mumbai | P3: Ravi Nair (father) | Q3: +91 98200 44444 | R3: B-7, Green Park Society | S3: Andheri East | U3: Mumbai | V3: Maharashtra | W3: 400069 | X3: India
A4: Rahul Desai | B4: rahul.desai@verveadvisory.com | C4: Employee | D4: Article Assistant | E4: L6 | F4: Article | G4: Audit | H4: Audit | I4: anil.mehta@verveadvisory.com | J4: VA-031 | K4: 45762 | L4: 37261 | N4: +91 98200 55555 | O4: Pune | P4: Meena Desai (mother) | Q4: +91 98200 66666 | R4: 12, Shanti Niwas | S4: Baner Road | U4: Pune | V4: Maharashtra | W4: 411045 | X4: India

Sheet Lists
A1: Access | B1: Level | C1: Employment type | D1: State
A2: Admin | B2: L1 | C2: Full-time | D2: Andaman and Nicobar Islands
A3: Manager | B3: L2 | C3: Part-time | D3: Andhra Pradesh
A4: Employee | B4: L3 | C4: Article | D4: Arunachal Pradesh
B5: L4 | C5: Intern | D5: Assam
B6: L5 | C6: Consultant | D6: Bihar
B7: L6 | D7: Chandigarh
D8: Chhattisgarh
D9: Dadra and Nagar Haveli and Daman and Diu
D10: Delhi
D11: Goa
D12: Gujarat
D13: Haryana
D14: Himachal Pradesh
D15: Jammu and Kashmir
D16: Jharkhand
D17: Karnataka
D18: Kerala
D19: Ladakh
... D37: West Bengal
